article,convenience_value,product_volume,product_type,product_price
0,84,2.0,product_medicines,500
1,84,0.5,product_medicines,250
2,65,1.0,product_supplies,500
3,34,0.5,product_medicines,400
4,22,3.0,product_medicines,300
5,28,3.0,product_supplies,400
6,82,2.0,product_food,500
7,98,2.0,product_food,400
8,47,2.0,product_food,50
9,58,3.0,product_medicines,250
10,19,0.5,product_medicines,250
11,87,3.0,product_food,300
12,78,1.0,product_food,300
13,33,0.5,product_food,150
14,97,0.5,product_medicines,300
15,14,0.5,product_medicines,400
16,36,1.0,product_medicines,50
17,13,0.5,product_food,250
18,1,0.5,product_supplies,300
19,11,0.5,product_food,150
20,87,2.0,product_medicines,150
21,62,3.0,product_supplies,250
22,3,2.0,product_supplies,400
23,36,0.5,product_medicines,50
24,17,2.0,product_supplies,50
25,48,3.0,product_food,400
26,97,3.0,product_supplies,300
27,78,0.5,product_medicines,250
28,99,2.0,product_medicines,250
29,29,3.0,product_food,150
30,5,0.5,product_food,50
31,56,0.5,product_food,500
32,4,1.0,product_food,150
33,32,2.0,product_food,150
34,33,2.0,product_medicines,50
35,83,3.0,product_medicines,50
36,49,2.0,product_food,300
37,39,1.0,product_supplies,50
38,23,3.0,product_medicines,150
39,4,0.5,product_medicines,500
40,41,3.0,product_medicines,50
41,92,1.0,product_supplies,500
42,91,2.0,product_food,150
43,53,1.0,product_medicines,50
44,81,3.0,product_supplies,50
45,73,2.0,product_supplies,250
46,79,2.0,product_food,500
47,2,0.5,product_supplies,50
48,25,2.0,product_food,50
49,68,0.5,product_food,500
50,60,3.0,product_medicines,50
51,76,3.0,product_medicines,150
52,93,1.0,product_medicines,400
53,36,0.5,product_medicines,250
54,49,3.0,product_medicines,150
55,14,2.0,product_medicines,500
56,43,2.0,product_supplies,400
57,37,0.5,product_food,400
58,94,3.0,product_food,300
59,95,0.5,product_medicines,50
60,76,3.0,product_medicines,300
61,30,2.0,product_supplies,500
62,52,1.0,product_food,500
63,14,2.0,product_medicines,50
64,25,3.0,product_supplies,300
65,40,0.5,product_food,300
66,74,0.5,product_food,500
67,98,2.0,product_supplies,500
68,48,1.0,product_medicines,50
69,83,0.5,product_supplies,500
70,36,0.5,product_food,400
71,79,2.0,product_medicines,150
72,65,2.0,product_medicines,150
73,43,0.5,product_medicines,500
74,86,1.0,product_supplies,150
75,23,1.0,product_food,250
76,96,2.0,product_supplies,500
77,15,1.0,product_food,400
78,70,3.0,product_supplies,250
79,25,0.5,product_food,250
80,24,2.0,product_food,250
81,34,0.5,product_food,50
82,64,0.5,product_supplies,500
83,94,2.0,product_medicines,250
84,56,3.0,product_food,500
85,55,3.0,product_medicines,400
86,39,1.0,product_food,300
87,65,1.0,product_medicines,400
88,18,3.0,product_supplies,250
89,99,2.0,product_food,50
90,75,2.0,product_food,250
91,24,2.0,product_food,400
92,61,0.5,product_food,500
93,37,1.0,product_food,400
94,80,0.5,product_medicines,50
95,85,2.0,product_supplies,150
96,25,0.5,product_supplies,400
97,79,0.5,product_supplies,300
98,96,0.5,product_medicines,150
99,95,2.0,product_medicines,300
100,22,3.0,product_supplies,500
101,99,3.0,product_medicines,250
102,32,2.0,product_medicines,250
103,93,3.0,product_medicines,250
104,77,1.0,product_supplies,400
105,23,0.5,product_food,300
106,3,1.0,product_supplies,50
107,14,0.5,product_medicines,50
108,40,1.0,product_supplies,50
109,58,3.0,product_food,400
110,21,1.0,product_food,500
111,11,2.0,product_supplies,150
112,73,2.0,product_food,50
113,30,3.0,product_food,300
114,90,1.0,product_medicines,300
115,85,1.0,product_supplies,250
116,53,1.0,product_food,500
117,7,3.0,product_medicines,500
118,43,0.5,product_food,50
119,19,3.0,product_supplies,250
120,59,0.5,product_medicines,300
121,15,3.0,product_medicines,300
122,48,2.0,product_food,50
123,7,1.0,product_medicines,50
124,7,0.5,product_food,50
125,53,1.0,product_food,500
126,29,0.5,product_medicines,250
127,76,2.0,product_food,400
128,24,1.0,product_food,400
129,89,1.0,product_medicines,50
130,55,2.0,product_supplies,400
131,65,0.5,product_supplies,400
132,43,3.0,product_medicines,500
133,21,2.0,product_food,500
134,37,1.0,product_medicines,250
135,16,3.0,product_medicines,400
136,50,2.0,product_food,500
137,9,2.0,product_supplies,150
138,88,1.0,product_food,400
139,3,1.0,product_medicines,250
140,51,3.0,product_food,500
141,81,1.0,product_food,50
142,74,3.0,product_food,400
143,17,3.0,product_medicines,250
144,65,3.0,product_food,500
145,79,2.0,product_supplies,300
146,98,3.0,product_medicines,300
147,41,0.5,product_food,300
148,65,3.0,product_supplies,500
149,19,1.0,product_medicines,50
150,96,1.0,product_medicines,400
151,2,0.5,product_supplies,500
152,73,1.0,product_supplies,250
153,82,3.0,product_medicines,50
154,50,2.0,product_supplies,50
155,16,1.0,product_food,250
156,90,0.5,product_food,400
157,58,0.5,product_medicines,400
158,54,2.0,product_supplies,150
159,84,2.0,product_supplies,150
160,90,2.0,product_supplies,500
161,37,0.5,product_food,300
162,71,2.0,product_supplies,50
163,56,1.0,product_medicines,500
164,92,0.5,product_food,150
165,14,0.5,product_food,300
166,46,1.0,product_food,150
167,20,2.0,product_food,400
168,66,3.0,product_medicines,250
169,96,2.0,product_medicines,500
170,74,3.0,product_food,250
171,70,3.0,product_supplies,500
172,31,1.0,product_food,400
173,68,3.0,product_medicines,500
174,66,1.0,product_food,150
175,64,3.0,product_supplies,150
176,87,2.0,product_food,400
177,0,0.5,product_medicines,400
178,70,3.0,product_food,250
179,31,3.0,product_medicines,500
180,81,1.0,product_food,500
181,10,3.0,product_supplies,300
182,90,2.0,product_medicines,150
183,7,3.0,product_supplies,150
184,31,2.0,product_food,250
185,58,1.0,product_food,500
186,30,3.0,product_medicines,400
187,37,2.0,product_food,400
188,45,0.5,product_supplies,400
189,18,1.0,product_supplies,300
190,33,1.0,product_food,300
191,71,0.5,product_medicines,150
192,24,1.0,product_medicines,300
193,88,3.0,product_food,500
194,76,1.0,product_food,50
195,72,3.0,product_food,250
196,72,1.0,product_food,50
197,88,2.0,product_supplies,500
198,6,2.0,product_supplies,50
199,61,1.0,product_medicines,300
200,71,1.0,product_food,400
201,94,0.5,product_medicines,250
202,23,1.0,product_food,400
203,98,3.0,product_supplies,50
204,22,0.5,product_medicines,150
205,90,2.0,product_food,150
206,21,1.0,product_medicines,400
207,87,1.0,product_supplies,400
208,45,0.5,product_medicines,300
209,20,2.0,product_food,300
210,89,1.0,product_supplies,50
211,79,3.0,product_food,50
212,33,1.0,product_supplies,400
213,80,3.0,product_medicines,150
214,16,1.0,product_food,300
215,49,1.0,product_supplies,50
216,66,1.0,product_supplies,500
217,20,3.0,product_medicines,500
218,1,1.0,product_medicines,50
219,94,1.0,product_supplies,500
220,28,1.0,product_supplies,150
221,10,1.0,product_food,300
222,70,1.0,product_medicines,300
223,90,3.0,product_food,500
224,52,3.0,product_supplies,500
225,84,0.5,product_food,50
226,2,2.0,product_medicines,400
227,37,3.0,product_food,50
228,29,1.0,product_medicines,500
229,87,1.0,product_medicines,150
230,98,2.0,product_medicines,150
231,71,3.0,product_supplies,400
232,2,2.0,product_food,50
233,51,1.0,product_medicines,500
234,16,1.0,product_food,500
235,94,1.0,product_food,500
236,69,1.0,product_food,50
237,80,3.0,product_supplies,250
238,87,3.0,product_food,300
239,37,1.0,product_supplies,250
240,13,1.0,product_supplies,500
241,60,1.0,product_supplies,150
242,53,2.0,product_supplies,250
243,59,3.0,product_medicines,300
244,63,0.5,product_supplies,250
245,97,0.5,product_medicines,50
246,66,0.5,product_medicines,500
247,93,1.0,product_food,250
248,94,2.0,product_food,50
249,52,3.0,product_medicines,500
250,71,3.0,product_medicines,300
251,93,2.0,product_medicines,300
252,71,2.0,product_supplies,300
253,4,0.5,product_medicines,50
254,30,0.5,product_medicines,400
255,18,0.5,product_food,300
256,19,1.0,product_medicines,500
257,92,1.0,product_medicines,400
258,67,1.0,product_medicines,500
259,8,1.0,product_supplies,150
260,32,2.0,product_supplies,150
261,47,3.0,product_food,50
262,48,1.0,product_supplies,400
263,34,0.5,product_medicines,250
264,9,1.0,product_supplies,150
265,10,1.0,product_medicines,150
266,18,2.0,product_supplies,300
267,40,1.0,product_supplies,150
268,86,2.0,product_medicines,150
269,81,0.5,product_supplies,500
270,17,0.5,product_medicines,150
271,98,2.0,product_medicines,400
272,52,0.5,product_food,150
273,72,1.0,product_food,500
274,36,2.0,product_supplies,300
275,24,2.0,product_food,50
276,85,1.0,product_supplies,500
277,59,0.5,product_food,250
278,98,0.5,product_food,400
279,2,3.0,product_supplies,250
280,34,0.5,product_medicines,50
281,56,0.5,product_medicines,400
282,66,0.5,product_medicines,300
283,47,3.0,product_medicines,50
284,32,3.0,product_food,250
285,45,0.5,product_supplies,300
286,61,0.5,product_supplies,400
287,25,3.0,product_food,300
288,25,0.5,product_medicines,500
289,97,0.5,product_food,400
290,3,3.0,product_supplies,50
291,95,2.0,product_food,150
292,8,1.0,product_food,500
293,98,0.5,product_food,500
294,94,0.5,product_medicines,50
295,59,2.0,product_supplies,250
296,53,3.0,product_food,400
297,78,0.5,product_food,500
298,89,3.0,product_supplies,300
299,81,0.5,product_medicines,250
300,35,1.0,product_supplies,500
301,38,2.0,product_supplies,50
302,88,1.0,product_supplies,150
303,37,2.0,product_food,400
304,71,0.5,product_food,50
305,84,3.0,product_medicines,300
306,91,2.0,product_medicines,400
307,69,3.0,product_food,50
308,99,3.0,product_medicines,500
309,31,0.5,product_medicines,300
310,83,1.0,product_supplies,250
311,98,2.0,product_food,250
312,12,2.0,product_food,300
313,29,2.0,product_food,250
314,87,3.0,product_supplies,300
315,63,1.0,product_food,400
316,33,2.0,product_medicines,250
317,83,2.0,product_food,300
318,9,2.0,product_food,50
319,9,3.0,product_medicines,300
320,42,1.0,product_medicines,500
321,8,3.0,product_medicines,50
322,31,0.5,product_supplies,50
323,11,1.0,product_food,500
324,92,2.0,product_medicines,400
325,99,1.0,product_food,50
326,32,0.5,product_medicines,400
327,45,3.0,product_food,400
328,35,0.5,product_food,400
329,36,3.0,product_supplies,300
330,85,0.5,product_food,300
331,50,3.0,product_supplies,250
332,15,0.5,product_medicines,50
333,37,0.5,product_food,250
334,83,3.0,product_food,150
335,5,2.0,product_food,150
336,23,3.0,product_food,50
337,42,0.5,product_food,400
338,9,2.0,product_medicines,150
339,20,0.5,product_supplies,50
340,61,1.0,product_medicines,500
341,53,1.0,product_supplies,300
342,40,2.0,product_medicines,250
343,31,3.0,product_medicines,500
344,70,3.0,product_medicines,50
345,37,1.0,product_medicines,50
346,96,2.0,product_food,50
347,23,1.0,product_food,500
348,36,1.0,product_supplies,250
349,42,0.5,product_supplies,50
350,41,2.0,product_medicines,50
351,95,1.0,product_medicines,150
352,44,3.0,product_supplies,50
353,54,2.0,product_food,500
354,44,3.0,product_food,150
355,38,0.5,product_supplies,150
356,58,1.0,product_supplies,500
357,54,2.0,product_food,300
358,72,1.0,product_medicines,250
359,40,0.5,product_supplies,300
360,62,1.0,product_supplies,400
361,51,3.0,product_food,400
362,40,2.0,product_food,400
363,94,2.0,product_medicines,50
364,6,1.0,product_supplies,150
365,38,2.0,product_supplies,500
366,73,3.0,product_medicines,500
367,76,1.0,product_food,500
368,21,1.0,product_food,150
369,92,1.0,product_food,400
370,39,1.0,product_supplies,400
371,3,1.0,product_supplies,50
372,43,2.0,product_medicines,250
373,39,2.0,product_supplies,400
374,22,2.0,product_medicines,300
375,97,3.0,product_medicines,250
376,3,1.0,product_medicines,150
377,19,2.0,product_supplies,150
378,3,3.0,product_medicines,150
379,5,2.0,product_medicines,300
380,79,2.0,product_supplies,250
381,83,1.0,product_supplies,250
382,75,0.5,product_supplies,250
383,60,0.5,product_food,500
384,23,2.0,product_supplies,300
385,29,0.5,product_supplies,300
386,43,0.5,product_food,50
387,40,3.0,product_supplies,300
388,4,0.5,product_medicines,300
389,38,3.0,product_medicines,250
390,89,3.0,product_food,250
391,87,0.5,product_medicines,300
392,7,2.0,product_food,400
393,68,1.0,product_medicines,50
394,53,3.0,product_supplies,50
395,63,1.0,product_medicines,400
396,94,0.5,product_food,500
397,31,0.5,product_supplies,250
398,8,3.0,product_medicines,400
399,79,0.5,product_medicines,50
400,32,2.0,product_food,500
401,63,3.0,product_food,250
402,77,0.5,product_food,400
403,21,0.5,product_food,500
404,25,2.0,product_food,300
405,45,0.5,product_food,250
406,83,3.0,product_supplies,150
407,6,0.5,product_supplies,150
408,77,2.0,product_medicines,300
409,46,0.5,product_medicines,150
410,4,0.5,product_food,500
411,48,1.0,product_food,250
412,8,2.0,product_supplies,250
413,82,0.5,product_food,50
414,41,2.0,product_food,500
415,84,1.0,product_medicines,150
416,96,0.5,product_medicines,250
417,81,2.0,product_medicines,500
418,54,2.0,product_medicines,250
419,28,0.5,product_food,300
420,71,1.0,product_food,400
421,0,2.0,product_supplies,50
422,28,3.0,product_food,150
423,72,3.0,product_supplies,400
424,42,3.0,product_food,500
425,74,3.0,product_medicines,300
426,90,1.0,product_food,500
427,25,3.0,product_food,50
428,58,3.0,product_supplies,150
429,4,3.0,product_supplies,300
430,48,2.0,product_supplies,300
431,86,1.0,product_food,50
432,23,3.0,product_medicines,400
433,27,3.0,product_food,150
434,77,3.0,product_supplies,400
435,33,3.0,product_food,300
436,51,3.0,product_food,500
437,50,1.0,product_food,300
438,68,1.0,product_medicines,150
439,7,3.0,product_medicines,250
440,10,2.0,product_supplies,50
441,2,3.0,product_medicines,50
442,67,0.5,product_supplies,400
443,13,1.0,product_medicines,250
444,24,3.0,product_medicines,300
445,57,2.0,product_supplies,50
446,25,2.0,product_medicines,150
447,73,2.0,product_supplies,250
448,97,3.0,product_supplies,300
449,56,3.0,product_supplies,300
450,23,3.0,product_supplies,500
451,72,0.5,product_food,150
452,70,2.0,product_supplies,300
453,45,0.5,product_medicines,150
454,31,1.0,product_food,250
455,86,2.0,product_medicines,150
456,50,3.0,product_food,500
457,30,1.0,product_food,150
458,93,2.0,product_food,300
459,1,1.0,product_food,50
460,2,0.5,product_food,500
461,85,3.0,product_supplies,250
462,50,3.0,product_supplies,50
463,79,1.0,product_supplies,300
464,19,0.5,product_food,150
465,80,1.0,product_medicines,250
466,74,1.0,product_supplies,150
467,77,1.0,product_medicines,150
468,5,3.0,product_medicines,50
469,48,3.0,product_food,250
470,32,1.0,product_food,50
471,73,0.5,product_medicines,500
472,56,2.0,product_medicines,150
473,95,0.5,product_food,250
474,25,0.5,product_medicines,500
475,35,2.0,product_medicines,400
476,78,1.0,product_food,50
477,34,0.5,product_food,300
478,72,1.0,product_medicines,250
479,91,0.5,product_food,300
480,61,2.0,product_medicines,300
481,13,2.0,product_supplies,400
482,47,1.0,product_food,300
483,89,1.0,product_supplies,50
484,80,2.0,product_supplies,150
485,90,3.0,product_medicines,50
486,26,2.0,product_food,50
487,30,0.5,product_medicines,250
488,85,0.5,product_medicines,400
489,59,0.5,product_medicines,150
490,86,0.5,product_supplies,150
491,48,1.0,product_medicines,500
492,16,1.0,product_medicines,300
493,68,1.0,product_medicines,500
494,18,0.5,product_supplies,250
495,12,1.0,product_supplies,400
496,76,3.0,product_food,500
497,6,1.0,product_medicines,400
498,85,3.0,product_food,250
499,7,2.0,product_medicines,150
500,72,2.0,product_food,250
501,69,0.5,product_food,400
502,74,0.5,product_supplies,400
503,19,2.0,product_medicines,150
504,53,2.0,product_supplies,50
505,83,2.0,product_medicines,300
506,18,1.0,product_food,150
507,69,0.5,product_food,150
508,42,3.0,product_medicines,50
509,95,1.0,product_food,300
510,46,1.0,product_supplies,300
511,49,3.0,product_food,150
512,48,0.5,product_medicines,50
513,29,1.0,product_medicines,400
514,75,2.0,product_supplies,400
515,98,0.5,product_food,150
516,54,1.0,product_food,500
517,6,2.0,product_medicines,150
518,41,0.5,product_food,300
519,97,2.0,product_supplies,400
520,0,1.0,product_food,250
521,58,0.5,product_medicines,250
522,26,0.5,product_food,300
523,56,0.5,product_food,500
524,49,2.0,product_food,400
525,97,0.5,product_supplies,400
526,34,3.0,product_supplies,150
527,60,0.5,product_food,150
528,17,3.0,product_supplies,500
529,81,2.0,product_supplies,300
530,27,2.0,product_food,400
531,10,2.0,product_supplies,300
532,90,3.0,product_supplies,150
533,56,2.0,product_medicines,300
534,18,1.0,product_medicines,150
535,30,0.5,product_food,150
536,70,2.0,product_medicines,400
537,75,1.0,product_medicines,300
538,64,2.0,product_medicines,150
539,93,1.0,product_food,50
540,4,3.0,product_supplies,150
541,9,1.0,product_supplies,250
542,36,1.0,product_food,500
543,81,3.0,product_food,250
544,76,2.0,product_medicines,250
545,71,0.5,product_supplies,500
546,71,2.0,product_supplies,50
547,61,1.0,product_food,300
548,40,2.0,product_medicines,400
549,50,0.5,product_supplies,400
550,24,2.0,product_medicines,250
551,61,2.0,product_supplies,300
552,42,1.0,product_medicines,300
553,82,1.0,product_medicines,250
554,21,3.0,product_medicines,300
555,70,3.0,product_supplies,500
556,46,2.0,product_medicines,50
557,48,1.0,product_medicines,50
558,0,0.5,product_medicines,250
559,58,2.0,product_food,400
560,37,1.0,product_food,150
561,15,3.0,product_supplies,50
562,27,1.0,product_medicines,250
563,87,3.0,product_medicines,400
564,99,2.0,product_food,150
565,79,1.0,product_food,500
566,26,0.5,product_food,250
567,3,2.0,product_food,300
568,36,3.0,product_food,400
569,98,0.5,product_medicines,250
570,43,1.0,product_food,500
571,78,1.0,product_supplies,250
572,49,3.0,product_medicines,300
573,83,1.0,product_supplies,150
574,41,2.0,product_food,250
575,52,1.0,product_medicines,500
576,30,2.0,product_medicines,50
577,39,1.0,product_medicines,400
578,34,1.0,product_food,300
579,26,1.0,product_food,400
580,9,3.0,product_supplies,50
581,15,0.5,product_food,400
582,72,0.5,product_food,50
583,47,0.5,product_food,50
584,13,1.0,product_supplies,50
585,14,2.0,product_medicines,250
586,7,0.5,product_supplies,250
587,80,3.0,product_supplies,150
588,54,0.5,product_supplies,250
589,77,3.0,product_food,50
590,24,0.5,product_food,400
591,63,0.5,product_supplies,50
592,91,1.0,product_medicines,250
593,95,2.0,product_food,250
594,6,2.0,product_supplies,500
595,38,3.0,product_medicines,500
596,32,3.0,product_supplies,300
597,87,2.0,product_medicines,150
598,22,0.5,product_medicines,300
599,62,2.0,product_food,300
600,67,0.5,product_medicines,400
601,69,0.5,product_medicines,250
602,46,2.0,product_medicines,50
603,2,3.0,product_food,250
604,25,3.0,product_food,400
605,80,3.0,product_medicines,150
606,99,2.0,product_supplies,400
607,59,0.5,product_medicines,250
608,29,0.5,product_supplies,500
609,19,2.0,product_supplies,500
610,85,2.0,product_medicines,500
611,88,0.5,product_medicines,300
612,72,1.0,product_medicines,50
613,74,2.0,product_supplies,250
614,83,1.0,product_supplies,400
615,60,3.0,product_medicines,400
616,86,2.0,product_food,250
617,37,2.0,product_supplies,250
618,29,1.0,product_food,50
619,56,0.5,product_medicines,300
620,3,3.0,product_food,300
621,44,1.0,product_food,300
622,96,3.0,product_medicines,250
623,24,0.5,product_food,50
624,55,3.0,product_food,250
625,43,0.5,product_medicines,500
626,63,3.0,product_food,50
627,34,1.0,product_supplies,300
628,41,3.0,product_food,300
629,7,2.0,product_medicines,400
630,40,0.5,product_supplies,150
631,55,1.0,product_supplies,250
632,54,0.5,product_medicines,50
633,39,1.0,product_medicines,400
634,93,0.5,product_supplies,50
635,94,1.0,product_supplies,400
636,68,0.5,product_medicines,500
637,69,0.5,product_food,50
638,95,0.5,product_supplies,50
639,91,0.5,product_food,50
640,60,0.5,product_medicines,50
641,31,0.5,product_food,150
642,58,2.0,product_medicines,250
643,69,1.0,product_medicines,250
644,11,0.5,product_medicines,300
645,45,1.0,product_food,300
646,22,1.0,product_food,150
647,41,2.0,product_medicines,150
648,13,1.0,product_supplies,300
649,2,0.5,product_food,50
650,63,3.0,product_medicines,50
651,39,3.0,product_food,150
652,85,1.0,product_supplies,250
653,90,1.0,product_food,300
654,48,3.0,product_supplies,150
655,78,0.5,product_medicines,500
656,8,3.0,product_supplies,400
657,56,2.0,product_supplies,50
658,0,2.0,product_medicines,250
659,41,2.0,product_supplies,250
660,7,0.5,product_supplies,300
661,73,1.0,product_supplies,500
662,33,0.5,product_supplies,50
663,32,0.5,product_medicines,300
664,54,2.0,product_supplies,150
665,67,2.0,product_food,250
666,62,2.0,product_food,150
667,72,3.0,product_supplies,400
668,18,0.5,product_food,50
669,83,1.0,product_supplies,50
670,38,0.5,product_medicines,300
671,7,2.0,product_supplies,150
672,74,0.5,product_food,400
673,9,3.0,product_food,50
674,25,2.0,product_supplies,250
675,86,0.5,product_food,500
676,97,3.0,product_medicines,400
677,81,1.0,product_medicines,300
678,40,0.5,product_medicines,150
679,24,3.0,product_supplies,300
680,54,0.5,product_food,150
681,6,2.0,product_medicines,50
682,6,3.0,product_food,300
683,18,0.5,product_medicines,400
684,4,2.0,product_food,500
685,82,0.5,product_medicines,400
686,76,0.5,product_supplies,150
687,85,0.5,product_medicines,300
688,27,0.5,product_medicines,500
689,23,1.0,product_supplies,400
690,20,2.0,product_supplies,50
691,7,0.5,product_supplies,150
692,31,0.5,product_medicines,250
693,18,1.0,product_food,300
694,81,1.0,product_supplies,300
695,2,3.0,product_food,150
696,44,2.0,product_medicines,300
697,41,0.5,product_medicines,300
698,2,3.0,product_medicines,400
699,32,2.0,product_food,300
700,72,1.0,product_food,400
701,78,2.0,product_food,400
702,52,3.0,product_supplies,250
703,46,3.0,product_supplies,500
704,66,0.5,product_supplies,250
705,60,3.0,product_medicines,150
706,3,0.5,product_medicines,50
707,0,0.5,product_medicines,300
708,14,0.5,product_food,400
709,58,0.5,product_medicines,150
710,75,2.0,product_food,50
711,41,3.0,product_supplies,400
712,82,0.5,product_supplies,250
713,58,0.5,product_food,250
714,50,1.0,product_medicines,500
715,32,1.0,product_supplies,300
716,52,3.0,product_medicines,300
717,71,1.0,product_supplies,50
718,99,1.0,product_supplies,500
719,25,0.5,product_supplies,50
720,68,0.5,product_medicines,300
721,50,3.0,product_food,150
722,63,2.0,product_medicines,250
723,21,3.0,product_food,400
724,74,0.5,product_food,50
725,85,1.0,product_food,500
726,36,2.0,product_medicines,250
727,44,0.5,product_food,500
728,79,0.5,product_medicines,300
729,0,0.5,product_food,300
730,61,3.0,product_medicines,50
731,13,1.0,product_medicines,400
732,97,3.0,product_food,400
733,97,1.0,product_supplies,150
734,86,0.5,product_food,400
735,18,1.0,product_medicines,50
736,80,3.0,product_food,400
737,75,2.0,product_medicines,500
738,44,2.0,product_supplies,300
739,60,3.0,product_food,50
740,66,1.0,product_medicines,400
741,27,3.0,product_food,300
742,76,3.0,product_medicines,300
743,76,0.5,product_medicines,250
744,67,3.0,product_food,400
745,1,0.5,product_supplies,400
746,59,3.0,product_food,400
747,75,1.0,product_food,50
748,43,3.0,product_medicines,150
749,24,3.0,product_medicines,150
750,46,1.0,product_medicines,50
751,57,0.5,product_medicines,250
752,99,3.0,product_medicines,150
753,56,3.0,product_supplies,500
754,13,0.5,product_supplies,300
755,85,0.5,product_medicines,150
756,45,2.0,product_medicines,150
757,9,3.0,product_food,150
758,73,2.0,product_medicines,300
759,73,3.0,product_medicines,300
760,15,3.0,product_supplies,500
761,2,3.0,product_food,50
762,96,0.5,product_supplies,50
763,97,3.0,product_supplies,300
764,65,2.0,product_medicines,50
765,22,0.5,product_medicines,150
766,89,1.0,product_food,250
767,79,0.5,product_supplies,50
768,78,3.0,product_supplies,150
769,38,1.0,product_supplies,150
770,4,1.0,product_medicines,150
771,83,1.0,product_food,300
772,64,1.0,product_supplies,50
773,19,0.5,product_medicines,400
774,36,0.5,product_food,50
775,3,0.5,product_medicines,300
776,23,2.0,product_supplies,500
777,39,0.5,product_medicines,500
778,12,2.0,product_medicines,500
779,38,2.0,product_food,500
780,42,2.0,product_food,500
781,66,1.0,product_food,250
782,88,3.0,product_medicines,150
783,57,1.0,product_food,50
784,35,0.5,product_supplies,300
785,25,1.0,product_medicines,150
786,31,1.0,product_food,250
787,26,0.5,product_supplies,300
788,2,2.0,product_medicines,150
789,40,0.5,product_food,150
790,64,1.0,product_food,50
791,59,1.0,product_food,400
792,86,2.0,product_medicines,150
793,48,2.0,product_supplies,500
794,73,2.0,product_supplies,150
795,0,0.5,product_food,250
796,46,2.0,product_supplies,50
797,93,3.0,product_food,150
798,69,1.0,product_supplies,250
799,85,1.0,product_food,150
800,70,3.0,product_medicines,400
801,52,1.0,product_food,500
802,0,3.0,product_food,150
803,59,0.5,product_supplies,300
804,97,2.0,product_food,400
805,44,3.0,product_medicines,500
806,73,3.0,product_supplies,250
807,65,2.0,product_food,150
808,9,1.0,product_medicines,250
809,21,1.0,product_food,250
810,41,3.0,product_supplies,50
811,65,0.5,product_supplies,400
812,2,3.0,product_food,400
813,99,0.5,product_food,300
814,94,0.5,product_supplies,150
815,32,2.0,product_supplies,300
816,36,3.0,product_food,400
817,92,1.0,product_supplies,50
818,25,0.5,product_supplies,300
819,9,3.0,product_supplies,250
820,43,2.0,product_supplies,500
821,75,3.0,product_medicines,400
822,43,2.0,product_supplies,400
823,93,0.5,product_medicines,150
824,38,1.0,product_supplies,400
825,40,2.0,product_supplies,400
826,70,0.5,product_supplies,50
827,55,2.0,product_supplies,500
828,19,2.0,product_medicines,500
829,6,2.0,product_food,150
830,69,2.0,product_medicines,50
831,76,3.0,product_supplies,50
832,10,1.0,product_supplies,250
833,10,0.5,product_food,150
834,34,0.5,product_supplies,150
835,32,0.5,product_medicines,50
836,99,0.5,product_supplies,300
837,88,0.5,product_supplies,400
838,75,2.0,product_food,300
839,63,2.0,product_supplies,50
840,84,3.0,product_medicines,50
841,11,2.0,product_supplies,250
842,7,2.0,product_medicines,250
843,14,0.5,product_medicines,400
844,76,1.0,product_medicines,500
845,60,0.5,product_supplies,500
846,60,2.0,product_food,300
847,16,3.0,product_food,400
848,44,3.0,product_medicines,150
849,3,2.0,product_supplies,400
850,21,0.5,product_supplies,400
851,77,3.0,product_food,400
852,86,0.5,product_supplies,300
853,76,3.0,product_medicines,50
854,73,0.5,product_medicines,50
855,31,3.0,product_medicines,50
856,25,1.0,product_medicines,150
857,69,3.0,product_supplies,300
858,30,2.0,product_medicines,50
859,22,1.0,product_food,500
860,8,1.0,product_food,150
861,82,1.0,product_food,400
862,73,0.5,product_medicines,250
863,38,3.0,product_supplies,250
864,29,0.5,product_medicines,500
865,50,0.5,product_food,400
866,11,3.0,product_supplies,500
867,91,0.5,product_supplies,400
868,65,2.0,product_supplies,500
869,77,1.0,product_medicines,50
870,90,3.0,product_medicines,250
871,3,3.0,product_supplies,150
872,47,1.0,product_supplies,150
873,44,0.5,product_food,300
874,87,2.0,product_supplies,150
875,1,2.0,product_food,250
876,24,2.0,product_food,150
877,44,0.5,product_food,500
878,2,3.0,product_supplies,50
879,47,0.5,product_food,400
880,66,0.5,product_medicines,50
881,73,1.0,product_medicines,250
882,79,0.5,product_food,250
883,37,1.0,product_food,150
884,91,1.0,product_supplies,400
885,8,0.5,product_food,500
886,11,2.0,product_medicines,300
887,83,0.5,product_medicines,500
888,85,2.0,product_medicines,50
889,18,3.0,product_supplies,50
890,85,0.5,product_medicines,250
891,71,2.0,product_medicines,400
892,26,0.5,product_supplies,150
893,58,0.5,product_supplies,250
894,46,2.0,product_medicines,250
895,23,1.0,product_food,250
896,25,2.0,product_medicines,50
897,44,3.0,product_food,300
898,88,2.0,product_medicines,500
899,9,0.5,product_food,250
900,62,3.0,product_supplies,250
901,17,1.0,product_medicines,150
902,92,0.5,product_supplies,250
903,95,0.5,product_supplies,500
904,45,3.0,product_food,250
905,19,0.5,product_food,150
906,78,3.0,product_food,400
907,48,0.5,product_supplies,400
908,9,3.0,product_medicines,500
909,45,3.0,product_food,400
910,59,1.0,product_food,500
911,83,1.0,product_food,50
912,32,0.5,product_food,250
913,37,3.0,product_food,400
914,27,3.0,product_supplies,500
915,88,2.0,product_medicines,50
916,48,1.0,product_supplies,150
917,74,1.0,product_food,250
918,88,2.0,product_supplies,150
919,47,0.5,product_food,300
920,91,0.5,product_medicines,150
921,64,2.0,product_medicines,250
922,40,2.0,product_medicines,250
923,23,0.5,product_supplies,150
924,98,0.5,product_medicines,400
925,72,3.0,product_supplies,50
926,68,1.0,product_medicines,500
927,72,1.0,product_supplies,500
928,15,2.0,product_medicines,500
929,1,1.0,product_medicines,500
930,77,3.0,product_food,300
931,60,1.0,product_medicines,300
932,91,0.5,product_supplies,150
933,25,0.5,product_medicines,250
934,62,0.5,product_food,300
935,41,3.0,product_food,500
936,15,3.0,product_medicines,150
937,81,2.0,product_food,500
938,0,3.0,product_medicines,300
939,15,2.0,product_medicines,150
940,34,0.5,product_supplies,150
941,23,3.0,product_supplies,250
942,8,1.0,product_supplies,250
943,84,0.5,product_medicines,50
944,8,2.0,product_medicines,300
945,71,1.0,product_medicines,300
946,48,1.0,product_medicines,250
947,23,1.0,product_food,250
948,51,0.5,product_food,150
949,71,1.0,product_medicines,400
950,64,1.0,product_medicines,50
951,78,0.5,product_food,500
952,2,1.0,product_food,500
953,27,1.0,product_medicines,400
954,59,2.0,product_medicines,500
955,22,0.5,product_food,300
956,24,0.5,product_food,500
957,59,1.0,product_medicines,500
958,78,1.0,product_food,400
959,86,2.0,product_medicines,150
960,87,3.0,product_supplies,300
961,46,1.0,product_supplies,150
962,65,0.5,product_food,500
963,53,1.0,product_supplies,50
964,67,1.0,product_food,50
965,48,2.0,product_medicines,150
966,37,3.0,product_medicines,500
967,34,3.0,product_supplies,500
968,59,1.0,product_food,500
969,29,3.0,product_medicines,150
970,46,1.0,product_supplies,500
971,90,0.5,product_supplies,50
972,89,2.0,product_medicines,250
973,94,0.5,product_food,500
974,98,3.0,product_medicines,500
975,79,2.0,product_supplies,500
976,47,1.0,product_medicines,500
977,53,0.5,product_food,400
978,70,1.0,product_supplies,500
979,87,0.5,product_supplies,250
980,22,1.0,product_medicines,150
981,95,2.0,product_supplies,500
982,27,3.0,product_medicines,400
983,22,1.0,product_medicines,250
984,34,1.0,product_medicines,400
985,14,3.0,product_medicines,400
986,4,2.0,product_food,150
987,62,0.5,product_supplies,250
988,12,1.0,product_medicines,500
989,36,1.0,product_food,50
990,16,3.0,product_medicines,150
991,47,1.0,product_food,500
992,52,0.5,product_medicines,150
993,22,2.0,product_food,400
994,30,2.0,product_supplies,50
995,32,0.5,product_medicines,50
996,5,2.0,product_medicines,400
997,8,3.0,product_supplies,500
998,2,2.0,product_food,250
999,83,3.0,product_supplies,400
